{
  "id": "1623984",
  "name": "IM",
  "font_family": "iconfont",
  "css_prefix_text": "icon-",
  "description": "",
  "glyphs": [
    {
      "icon_id": "369850",
      "name": "more",
      "font_class": "more",
      "unicode": "e615",
      "unicode_decimal": 58901
    },
    {
      "icon_id": "1025053",
      "name": "键盘",
      "font_class": "keyboard",
      "unicode": "e608",
      "unicode_decimal": 58888
    },
    {
      "icon_id": "1479642",
      "name": "表情",
      "font_class": "emoji",
      "unicode": "e681",
      "unicode_decimal": 59009
    },
    {
      "icon_id": "4608963",
      "name": "图库，相册",
      "font_class": "photo",
      "unicode": "e60b",
      "unicode_decimal": 58891
    },
    {
      "icon_id": "5532882",
      "name": "返回",
      "font_class": "back",
      "unicode": "e623",
      "unicode_decimal": 58915
    },
    {
      "icon_id": "6255766",
      "name": "语音",
      "font_class": "voice",
      "unicode": "e606",
      "unicode_decimal": 58886
    },
    {
      "icon_id": "7738015",
      "name": "用户",
      "font_class": "user",
      "unicode": "e607",
      "unicode_decimal": 58887
    }
  ]
}
